Age,Mean_Catchment_Area,Median_Catchment_Area,Std-Dev_Catchment_Area,Skewness_Catchment,Land_Area,Polar_Land_Area,Temperate_Land_Area,Subtropical_Land_Area,Tropical_Land_Area,Northern_Land_Area,Southern_Land_Area,High_Altitude_Area,Continental_Shelves_Area,Ocean_Area,Ocean_Volume,Coastline_length,Continents_Number
0,328671535154.1771,17794670177.553516,1654018070920.959,12.523151718932962,160469936379805.38,34312822695010.52,37097888517911.99,36935437174998.94,52569954357066.07,107649756969624.6,52820179410180.766,995401859314.0472,16094879295368.447,349595689829131.25,1.336888589121948e+18,428139654.9246582,3
6,205475595651.0081,14495658290.703709,813715234101.5989,7.450624927559375,156952289977908.88,34469575744664.47,35586041343220.19,36364008328173.68,50984729160406.15,104287264096467.23,52665025881441.65,1656103967198.6045,18060390589530.69,353113336231027.75,1.3368637133726804e+18,441697727.3782656,4
11,244226208850.3633,14495658290.703709,863374629336.75,5.253361279062773,157373463828796.72,33972524620379.098,36095788664767.07,36320721293415.92,51461186452913.0,104664651062311.4,52708812766485.3,1319804694854.2783,18399588993533.16,352692162380139.94,1.3365192405484613e+18,452414233.6511766,5
15,97255426242.41087,14695598405.058245,245160824496.66528,4.453793321493459,160114742766654.53,34471175265579.305,36307225335696.99,38230149385501.72,51597745551017.15,107016946507692.5,53097796258962.04,2308808470508.9805,18272327110746.5,349950883442282.06,1.3364203517674225e+18,329026869.3624189,3
20,686092871194.5288,16894939662.958117,3278918754870.863,6.670564347343589,157928797496416.44,35508064698621.92,36542254940120.74,38508266084568.88,47847568796126.336,106479307540193.16,51449489956223.26,2574728822600.5103,19341106992028.66,352136828712520.2,1.336403870303916e+18,468726965.9086101,4
33,2117820159234.017,16994909720.135382,13336343839577.438,6.940206331792901,152850518531925.62,36207955068919.96,38099688460885.38,35690510052970.43,43315726164166.47,103053633590899.77,49796884941025.86,1911427493229.344,23883546450049.32,357215107677011.0,1.3362310708604444e+18,352663537.61867845,4
40,408187311546.062,14195748119.171907,3625041193913.1816,16.667314096172493,148159723509053.9,35103585847282.69,38317723155589.01,31025407334793.27,44136480333591.83,98457310272060.56,49702413236993.34,1547536485104.0923,25960724298078.57,361905902699882.8,1.335573040752248e+18,366819498.7436552,5
48,1888675986873.43,15195448690.944576,12973977598474.994,7.82830621414195,145424442774626.7,33517061039879.47,39158371366392.64,30130975233228.26,43035310153784.24,95193787755508.69,50230655019118.02,1687094684923.5571,28891846374516.035,364641183434309.94,1.334363854125301e+18,448112671.3481903,6
56,207028251961.36325,14495658290.703709,1089869692492.64,12.066793976052235,139340864915161.3,30825267280324.38,41358112504521.23,30191757027992.04,37417392820650.54,86417916286202.3,52922948628959.0,1575028250827.8408,31052199310116.773,370724761293775.3,1.334986976289052e+18,457630997.54134697,4
68,245500474326.8781,15495358862.476376,1065959001609.2688,6.13438374920899,135104333832103.08,28626925722996.28,40861061380235.85,28717898475027.6,37323021086675.2,81578665728422.33,53525668103680.74,1356893586067.0444,33537454931543.64,374961292376833.6,1.3317822017764206e+18,418825650.7899043,5
84,187580000640.5052,29241241724.350582,464721362349.0623,3.9042308844037583,98517292306366.9,23884146270392.38,28392295998801.234,19285423670180.92,27222346419655.68,56998327979847.46,41518964326519.445,1705789085615.706,66720915890622.56,411548333902569.7,1.32914905765025e+18,559831582.2433547,1
100,146922868969.1425,18244535434.85122,461099124757.48334,5.633935211364443,139968077053891.48,34078292940872.645,45035411087729.81,25315417578999.312,35899847352699.625,80811095629415.28,59156981424476.19,1345197089377.3042,31100884727962.105,370097549155045.2,1.3330051058947333e+18,537105437.7345563,4
113,606637122412.2622,32290328468.257225,3055037599871.703,22.132704621949003,104666250583226.23,24562942958626.023,31831465905813.57,19421882798227.89,29138972355858.24,61566959592848.56,43099290990377.69,1874438572073.756,62976437428990.85,405399375625710.4,1.3295170754223355e+18,693051200.7235593,3
120,326779330588.51776,18494460577.794388,1061845502746.3448,6.644042722356833,141098338520337.66,27746189519264.56,49296734744967.99,27356806146559.1,37109385074487.38,82806697910787.88,58291640609549.766,1323303646855.483,30465475044543.395,368967287688599.0,1.3306795816309038e+18,524593420.7281411,3
133,680755181231.9003,20993712007.22606,3054459815726.3896,8.469963690677531,154915699973093.6,30106382599162.65,52981830992636.41,32371404184627.99,39918143800939.88,85101610543349.22,69814089429744.375,848445875263.4646,21285924484355.21,355149926235843.0,1.331203815013616e+18,511709929.7292201,2
140,35989220583.8161,34689609840.511635,20262330117.96755,0.8834969625697144,171008679837375.7,30423387650471.77,57007625195164.95,44517566191551.57,39641626622787.56,88229473692311.55,82779206145064.12,760372254890.2925,13420180415590.67,339056946371560.94,1.3362765228467602e+18,444382636.4958319,2
154,423046444374.95154,15195448690.944576,1491885538443.907,5.754423251536371,168879617529671.44,24924734595550.55,56582152631818.5,47566652935458.21,40387203309215.61,87751716789061.39,81127900740610.03,968110033704.6532,15342204734880.805,341186008679265.2,1.3363602609656937e+18,391161594.9103448,2
165,763636454112.9111,14695598405.058245,3055250533729.756,7.529746770669074,177126547426452.88,26111978994587.773,57349622760768.38,47374210575391.98,46882457864137.0,95595067565018.22,81531479861434.66,1146656555823.252,11319409634067.582,332939078782483.75,1.3367769041735905e+18,332524872.646943,1
180,939044528817.6562,13945822976.22874,5429636605195.338,7.34346740963489,176111051585646.22,26975020498199.12,54572954422669.79,44385605716077.58,50750199406268.28,97316352009496.4,78794699576149.8,1682795972464.9346,12252930027988.902,333954574623290.44,1.3366902997131776e+18,320163029.2230909,1
200,2057324719252.411,17194849834.489918,8358814200044.166,5.7943755749258985,157825728367466.66,24009908602321.383,45312228176053.664,40777786322607.19,48240950971118.88,86196282669440.3,71629445698026.38,2303010207192.6987,25266032370753.742,352239897841469.94,1.3335718225529434e+18,381602905.7422985,2
220,20893741950.0488,20893741950.0488,0.0,,153116838764245.84,22103679552065.254,45306929763023.27,40087992928084.05,46102991328325.84,75390519189149.5,77726319575096.34,2547436996991.1167,23386895205992.65,356948787444690.75,1.3338770879204982e+18,425831017.6190414,2
230,426726612515.0214,17244834863.078552,1481620190222.2463,5.242459949474621,148207709136498.97,21487464119624.586,42847366446290.97,36648323170785.83,47688716375271.66,71597655219844.0,76610053916654.98,2563932056425.3657,25266032370753.742,361857917072437.6,1.3329857580897477e+18,409357003.9398592,4
240,3657991818401.942,18494460577.794388,8377349168113.831,2.2128829458190054,161093749536591.53,23767881093895.22,48303032376625.96,38937537510088.06,50610141356162.93,73080011227668.52,88013738308923.0,1755974054318.694,15907135527989.54,348971876672345.1,1.3364429753912417e+18,252965395.90651804,1
270,833876583113.4423,17494760006.021717,3562331199803.11,5.535578595750141,166747356180137.5,28763584791157.6,43225753112706.93,41529161272351.53,53792988036572.75,70261855315841.36,96485500864296.14,1397681369395.3694,11751280281073.377,343318270028799.1,1.3363240222198472e+18,344389407.14626384,1
290,778079451267.8158,16595029491.426315,3464203361566.219,5.672209179467605,165450144718205.28,31312721279120.73,39892951346531.2,39972427541987.125,54775693698625.29,61119093736694.41,104331050981510.88,2753275344719.1094,12111472397083.068,344615481490731.4,1.336567865984272e+18,410390499.1853844,2
300,519370314774.4321,13645912804.69694,2639969287865.1846,7.568322706958498,170490135150797.2,32520659479993.65,39685313537774.016,40164270081710.31,58633938085324.73,61129490622640.84,109360644528156.34,2388284665964.908,11439873552966.19,339575491058139.44,1.3366021597126863e+18,295887060.0934949,2
315,614564535751.7723,19394191092.38979,3731874734182.873,9.091170695454707,160343074377247.4,33113881799283.55,46061903634825.99,30365405017308.96,51239452866093.82,49853068113159.484,110490006264087.94,3348097184923.848,12948421715771.148,349722551831689.2,1.3366644002705244e+18,320574497.7188687,2
331,1094787838559.553,15845254062.596811,7719871948022.313,9.449216189199104,161534117638457.38,35484871645356.79,45414497544546.01,26126174742706.945,54961538034917.83,45274839374669.37,116259278263788.02,3585126190491.1475,10964615901145.465,348531508570479.25,1.3369037397840532e+18,303900904.8940562,3
350,1219137221862.4517,15345403776.710476,7858549261475.76,7.746200597334001,155607592738817.47,34997717556731.97,36997618550563.2,24490364697115.33,59496879618878.9,39245345316136.87,116362247422680.6,2877738065904.8066,12551440618720.22,354458033470119.2,1.3365994981098842e+18,316080332.74896425,4
370,1049735010849.3333,15095478633.767311,7427509977553.12,13.32149587476118,156975782941345.53,32955329288600.406,39475976238044.82,27278329651674.95,57636536824867.13,36176364530851.945,120799418410493.6,3070380366085.4,8198844299279.194,353089843267591.06,1.3364616066108575e+18,323859810.9864277,4
383,2174410383985.1,12896137375.867435,17700465307995.68,11.63207478825056,155812931236259.56,29750489195611.586,35929738399795.63,32089588593445.28,58452192521376.45,32494067444784.496,123318863791475.08,3396582662654.8223,8351098696360.173,354252694972677.06,1.3362707901638016e+18,317156474.7359953,3
393,1309575482567.1753,14195748119.171907,5761178118309.689,5.2323682490129935,158450641194881.75,25339410392721.85,38678115211713.055,34475274037923.57,60449194383549.54,31409792204639.86,127040848990241.88,2950116387301.148,8528645517906.998,351614985014054.9,1.3366141369252966e+18,321506868.06026995,2
408,1192967168272.1697,15295418748.121843,6840508529482.948,10.683758435070695,156357068257475.44,31172663229015.383,37123580822606.56,32628327231573.566,55819181155441.6,28620427669279.76,127736640588195.69,2773769206440.4487,10103673768734.84,353708557951461.2,1.3367428151838533e+18,286192735.00254434,1
420,563605661840.2714,14345703204.937807,2578400771936.457,6.21297029881364,153402653157715.66,30380600465999.89,31056597992632.57,26236841596002.18,66108199410183.09,37072496123388.97,116330157034326.69,2525343614354.9404,14474064758353.418,356662973051220.94,1.3365912061934615e+18,313850359.0046605,2
444,761543152753.5657,17694700120.37625,2890839554020.362,5.3769537806881065,140773635774625.88,24537850474274.527,26561344401599.59,32897046745266.06,57207465339462.31,39027010711261.72,101746625063364.16,2143557965994.958,20200649543638.8,369291990434310.8,1.3357980485583798e+18,386056683.5225208,3
463,356236512462.6379,18494460577.794388,2168957495451.5327,13.973892140584937,134132424936225.69,20928331589832.13,27124075853450.426,27354806745415.56,59084403162965.49,37483273088330.36,96649151847895.31,2821254983599.651,27307320968256.355,375933201272710.9,1.332380243452227e+18,465963488.4769718,3
475,1062390437010.4734,16295119319.894514,5372917414054.705,7.049527473274146,136644972383261.94,24506559846378.043,25963923339908.24,24313517665968.742,62204268707353.64,31411891575840.586,105233080807421.34,3274019372555.4927,23406889217428.11,373420653825674.7,1.3330730791355302e+18,469275553.53341806,3
489,469462727796.54346,13695897833.285572,2558969814193.7983,9.3130123285855,143809726411099.47,28829165148665.89,25265132640239.145,27141570613456.445,62940548178464.21,27283927974876.875,116525798436222.6,2824853905658.032,15892239989470.129,366255899797837.1,1.3354207151764864e+18,401016828.13814485,3
500,725172612628.4414,16645014520.01495,3869774649838.0,8.70109479829751,140227599322323.66,24343308743007.566,26867452716676.38,30795976053571.44,58649533414244.38,27102982171386.023,113124617150937.62,2871939802588.525,18593730844571.41,369838026886613.0,1.3331031757210637e+18,371729451.4043883,3
518,946252743876.465,12496257147.15837,5238772470930.445,6.0425593088759175,141375455518833.03,18256231931540.96,26160164562147.22,35887750975781.18,61522472917404.68,27999713584266.105,113375741934566.92,2583126307403.401,17798369069669.08,368690170690103.6,1.331356959544086e+18,338749589.1726325,2
535,109000865801.84258,11896436804.094769,427506966808.143,6.052811311940233,144461531183895.25,15365797668374.64,29995515805753.062,39559651175902.2,60037417718036.38,23654015198770.312,120807515985124.95,4729483434999.322,16699498201176.56,365604095025041.4,1.3333118044330276e+18,344162603.4848374,3
545,640542161744.0621,26642020237.74165,2220777077615.0664,7.359524813669464,96054729887919.3,8156956845321.92,32159667603526.54,25504460957121.523,30607732435906.645,16460469794465.713,79594260093453.58,2727683010081.729,56231057791011.94,414010896321017.3,1.3291972736087068e+18,554836400.1532948,3
